<?xml version="1.0"?>
<SettingsLocationTemplate xmlns="http://schemas.microsoft.com/UserExperienceVirtualization/2012/SettingsLocationTemplate">
  <Name>Adobe Acrobat Reader DC</Name>
  <ID>Adobe-Reader-DC</ID>
  <Version>1</Version>
  <Author>
    <Name>Adobe Systems Incorporated</Name>
    <Email></Email>
  </Author>
  <Processes>
    <Process>
      <Filename>AcroRd32.exe</Filename>
    </Process>
  </Processes>
  <Settings>
    <Registry>
      <Path Recursive="true">Software\Adobe\Acrobat Reader\DC\Identity</Path>
    </Registry>
	<Registry>
      <Path Recursive="true">Software\Adobe\Acrobat Reader\DC\Annots</Path>
    </Registry>
	<Registry>
      <Path Recursive="true">Software\Adobe\Acrobat Reader\DC\Comments</Path>
    </Registry>	
	<Registry>
      <Path>Software\Adobe\Acrobat Reader\DC\AVGeneral</Path>
      <Name>bAllowDocsToHideUI</Name>
	</Registry>
	<Registry>
      <Path>Software\Adobe\Acrobat Reader\DC\AVGeneral</Path>
       <Name>iMaxMRUCntToBeStored</Name>
	 </Registry>
	<Registry>
      <Path>Software\Adobe\Acrobat Reader\DC\AVGeneral</Path>
      <Name>bShowAnnotConector</Name>
	 </Registry>
	<Registry>
      <Path>Software\Adobe\Acrobat Reader\DC\AVGeneral</Path>
      <Name>bPopupsScrollWithPage</Name>
	 </Registry>
	<Registry>
      <Path>Software\Adobe\Acrobat Reader\DC\AVGeneral</Path>
      <Name>bHidePopupIfShowSummary</Name>
    </Registry>
	<Registry>
      <Path>Software\Adobe\Acrobat Reader\DC\Originals</Path>
	  <Name>bOpenInPlace</Name>
    </Registry>
	<Registry>
      <Path>Software\Adobe\Acrobat Reader\DC\Originals</Path>
      <Name>iNoteOpacity</Name>
   </Registry>
	<Registry>
      <Path>Software\Adobe\Acrobat Reader\DC\Originals</Path>
	  <Name>bSaveAsLinearized</Name>
   </Registry>
	<Registry>
      <Path>Software\Adobe\Acrobat Reader\DC\Originals</Path>
	  <Name>bHoveringPopups</Name>
   </Registry>
   <Registry>
      <Path>Software\Adobe\Acrobat Reader\DC\OptionalContent</Path>
      <Name>bAutoSetLayers</Name>
   </Registry>
    <Registry>
      <Path>Software\Adobe\Acrobat Reader\DC\AutoSaveDocs</Path>
      <Name>bAutoSaveDocsEnabled</Name>
    </Registry>
	<Registry>
      <Path>Software\Adobe\Acrobat Reader\DC\AutoSaveDocs</Path>	
	  <Name>iAutoSaveDocsInterval</Name>
   </Registry>
    <Registry>
      <Path>Software\Adobe\Acrobat Reader\DC\RememberedViews</Path>
      <Name>iRememberView</Name>
   </Registry>
    
  </Settings>
</SettingsLocationTemplate>